"id","product_name","brand","model","product_type","quantity","created_at","updated_at","code","description","image_url"
"1","Access Point U6 Long-Range","UNIFI","U6-LR","Access Point","0","2024-09-25 11:41:18","2024-10-05 12:22:52","610762569327","Ceiling-mounted WiFi 6 AP with 8 spatial streams and extended signal range.","https://images.svc.ui.com/?u=https%3A%2F%2Fcdn.ecomm.ui.com%2Fproducts%2Fd8fee47d-b53e-4a86-a5cb-cf2f6ab1c5ef%2F4f1f5856-05c2-4989-970e-6751e6af7eb9.png&q=75&w=3840"
"2","Access Point U6 Mesh","UNIFI","U6-Mesh-EU","Access Point","0","2024-09-25 11:46:05","2024-10-01 15:34:38","Sleek, indoor/outdoor WiFi 6 AP with 6 spatial streams designed for mesh applications.","https://images.svc.ui.com/?u=https%3A%2F%2Fcdn.ecomm.ui.com%2Fproducts%2F7b8f8da5-d684-4170-be1f-71b53af8d7f9%2Ffdce5345-80e9-4edd-bf5b-93cf9141649e.png&q=75&w=3840"
"3","Access Point Mesh Pro","UNIFI","UAP-AC-M-PRO","Access Point","0","2024-09-25 11:47:50","2024-10-01 15:34:38","0","Indoor/outdoor WiFi 5 AP with 6 spatial streams and extended signal range for maximum coverage.","https://images.svc.ui.com/?u=https%3A%2F%2Fcdn.ecomm.ui.com%2Fproducts%2F061a3bec-9109-4b72-aeaa-e3ee095a8403%2Fdf143481-4b11-49b2-a21f-01634d1206ff.png&q=75&w=3840"
"4","Access Point U6 In-Wall","UNIFI","U6-IW","Access Point","0","2024-09-25 11:49:52","2024-10-01 15:34:38","0","Wall-mounted WiFi 6 AP with 6 spatial streams and a built-in 4-port switch ideal for single-room coverage in hospitality environments.","https://images.svc.ui.com/?u=https%3A%2F%2Fcdn.ecomm.ui.com%2Fproducts%2F9e487835-2aa9-4813-b210-732744a2884a%2Fcac2e05e-2e46-4d47-84b2-7e3bb7d7ca1a.png&q=75&w=3840"
"5","Access Point U7 Pro","UNIFI","U7-Pro","Access Point","0","2024-09-25 11:50:47","2024-10-01 15:34:38","0","Ceiling-mounted WiFi 7 AP with 6 spatial streams and 6 GHz support for interference-free WiFi in demanding, large-scale environments.","https://images.svc.ui.com/?u=https%3A%2F%2Fcdn.ecomm.ui.com%2Fproducts%2Ffa8dd4e4-36c8-4c79-a928-22c7bff2ce29%2Fab5bc8a4-6135-402e-a695-e3ea5e16d3e6.png&q=75&w=3840"
"6","Switch Pro Max 48 PoE (720w)","UNIFI","USW-Pro-Max-48-PoE-EU","Switch","0","2024-09-25 11:53:41","2024-10-01 15:34:38","0","A 48-port, Layer 3 Etherlighting™ switch with 2.5 GbE and PoE++ output.","https://images.svc.ui.com/?u=https%3A%2F%2Fcdn.ecomm.ui.com%2Fproducts%2F51e22689-9b81-4717-beed-fe2c65c57362%2F836c5725-38ba-4c75-a886-a7eea87db215.png&q=75&w=3840"
"7","Switch Pro Max 24 PoE (400w)","UNIFI","USW-Pro-Max-24-PoE-EU","Switch","0","2024-09-25 11:56:37","2024-10-01 15:34:38","0","A 24-port, Layer 3 Etherlighting™ switch capable of high-power PoE++ output.","https://images.svc.ui.com/?u=https%3A%2F%2Fcdn.ecomm.ui.com%2Fproducts%2F58922518-88f6-4c75-89c1-f57ba3d8253a%2Fc4541c43-13ef-4d4b-a558-cf912456f893.png&q=75&w=3840"
"8","Switch Pro 48 PoE (600w)","UNIFI","USW-Pro-48-POE-EU","Switch","0","2024-09-25 11:57:54","2024-10-01 15:34:38","0","A 48-port, Layer 3 switch capable of high-power PoE++ output.","https://images.svc.ui.com/?u=https%3A%2F%2Fcdn.ecomm.ui.com%2Fproducts%2F6e019f0c-26b5-4fdf-b4e1-994abd9ce6e1%2F87cd84da-2de6-4d1c-af8c-00c12b0a9ff6.png&q=75&w=3840"
"9","Switch Pro 24 PoE (400w)","UNIFI","USW-Pro-24-POE-EU","Switch","0","2024-09-25 12:00:33","2024-10-01 15:34:38","0","A 24-port, Layer 3 switch capable of high-power PoE++ output.","https://images.svc.ui.com/?u=https%3A%2F%2Fcdn.ecomm.ui.com%2Fproducts%2F5b69cdb5-e7ea-44e6-ae16-8714339038fb%2F8f85af7b-7d44-4a3d-89e4-6e0c8fae35c1.png&q=75&w=3840"
"10","Switch Enterprise 24 PoE (400w)","UNIFI","USW-Enterprise-24-PoE-EU","Switch","0","2024-09-25 12:03:24","2024-10-01 15:34:38","0","A 24-port, Layer 3 switch with 2.5 GbE PoE+ output.","https://images.svc.ui.com/?u=https%3A%2F%2Fcdn.ecomm.ui.com%2Fproducts%2F9f693a84-9dcb-452f-889a-faba29ac4b73%2F2bd5bc9b-9653-4b11-830f-535bf44cd596.png&q=75&w=3840"
"11","Switch 48 PoE (195w)","UNIFI","USW-48-POE-EU","Switch","0","2024-09-25 12:04:24","2024-10-01 15:34:38","0","A 48-port, Layer 2 PoE switch with a silent, fanless cooling system.","https://images.svc.ui.com/?u=https%3A%2F%2Fcdn.ecomm.ui.com%2Fproducts%2F147e90c2-da47-44ad-ad19-b98e223cb54b%2F9206ca50-0940-46d6-847f-84297cb1e73e.png&q=75&w=3840"
"12","Switch 24 PoE (95w)","UNIFI","USW-24-POE-EU","Switch","0","2024-09-25 12:05:52","2024-10-01 15:34:38","0","A 24-port, Layer 2 PoE switch with a fanless cooling system.","https://images.svc.ui.com/?u=https%3A%2F%2Fcdn.ecomm.ui.com%2Fproducts%2F467359c4-e5c3-487b-ae00-f6b7de29c6fc%2F3ee08e9f-f0f6-4ee0-983c-258d4bb0f8a3.png&q=75&w=3840"
"13","Switch Lite 16 PoE (45w)","UNIFI","USW-Lite-16-POE-EU","Switch","0","2024-09-25 12:07:35","2024-10-01 15:34:38","0","A wall-mountable, 16-port, Layer 2 PoE switch with a fanless cooling system.","https://images.svc.ui.com/?u=https%3A%2F%2Fcdn.ecomm.ui.com%2Fproducts%2Fe726eace-a772-4f12-bfad-c68baf20e51f%2F9b7675d4-fc09-4f80-89a7-7b343f6b4caf.png&q=75&w=3840"
"14","Switch Lite 8 PoE / EU Version (52w)","UNIFI","USW-Lite-8-POE-EU","Switch","0","2024-09-25 12:09:21","2024-10-01 15:34:38","0","An 8-port, Layer 2 PoE switch supporting silent fanless cooling.","https://images.svc.ui.com/?u=https%3A%2F%2Fcdn.ecomm.ui.com%2Fproducts%2F75c44878-4e73-446e-8e86-f207db6b2b7c%2Fd28bca76-5a63-4ae0-b9a7-7d6be15d891a.png&q=75&w=3840"
"15","Network Video Recorder","UNIFI","UNVR-EU","NVR","0","2024-09-25 12:10:26","2024-10-04 12:50:04","0","A video recorder with (4) 2.5/3.5 HDD bays that can support up to 30 days of storage for (18) 4K cameras or (60) Full HD cameras.","https://images.svc.ui.com/?u=https%3A%2F%2Fcdn.ecomm.ui.com%2Fproducts%2F8a3b51c6-d3e9-4ea7-95b3-49a1253c4542%2F3d6cf066-5547-4655-8f60-7d10a052fe7d.png&q=75&w=3840"
"16","Camera G5 Turret Ultra / W","UNIFI","UVC-G5-Turret-Ultra","Camera","0","2024-09-25 12:16:51","2024-10-01 12:05:20","0","Ultra-compact, tamper-resistant, and weatherproof 2K HD PoE camera with long-range night vision.","https://images.svc.ui.com/?u=https%3A%2F%2Fcdn.ecomm.ui.com%2Fproducts%2F54f9bb29-40b8-4dac-9b1c-7ccf0e303aa5%2F731d2d7b-3422-475a-862d-5c44dfd35341.png&q=75&w=3840"
"17","Camera G5 Turret Ultra / B","UNIFI","UVC-G5-Turret-Ultra","Camera","0","2024-09-25 12:18:56","2024-10-01 12:05:20","810084693575","Ultra-compact, tamper-resistant, and weatherproof 2K HD PoE camera with long-range night vision.","https://images.svc.ui.com/?u=https%3A%2F%2Fcdn.ecomm.ui.com%2Fproducts%2F54f9bb29-40b8-4dac-9b1c-7ccf0e303aa5%2F731d2d7b-3422-475a-862d-5c44dfd35341.png&q=75&w=3840"
"18","Camera G5 Pro","UNIFI","UVC-G5-Pro","Camera","0","2024-09-25 12:19:33","2024-10-01 12:05:20","810084690246","Next-gen indoor/outdoor 4K PoE camera with exceptional image performance, long-range IR night vision, and 3x optical zoom.","https://images.svc.ui.com/?u=https%3A%2F%2Fcdn.ecomm.ui.com%2Fproducts%2F38dd06cd-7c6b-4d6e-8e64-981d504d468f%2F53e6f4ff-bf2d-43f2-bc40-efce98a8046c.png&q=75&w=3840"
"19","Camera G5 Bullet","UNIFI","UVC-G5-Bullet","Camera","0","2024-09-25 12:22:40","2024-10-01 12:05:20","0","Next-gen indoor/outdoor 2K HD PoE Camera.","https://images.svc.ui.com/?u=https%3A%2F%2Fcdn.ecomm.ui.com%2Fproducts%2F48ca8dea-109e-4d35-af46-b7ad03764207%2F0cd9d5ff-af60-45bd-a01f-b0fb050e76bb.png&q=75&w=3840"
"20","Camera G5 Dome","UNIFI","UVC-G5-Dome","Camera","0","2024-09-25 12:23:52","2024-10-01 12:05:20","810084690208","Next-gen 2K HD PoE ceiling camera with enhanced dynamic range and low-light performance.","https://images.svc.ui.com/?u=https%3A%2F%2Fcdn.ecomm.ui.com%2Fproducts%2F1c20460a-b90b-4430-bbf1-8adf26ec2122%2F46b73c63-f1fb-4b07-844e-fa3315bb0327.png&q=75&w=3840"
"21","Camera G5 Dome Ultra / B","UNIFI","UVC-G5-Dome-Ultra-B","Camera","0","2024-09-25 12:25:36","2024-10-01 12:05:20","810084694213","Ultra-compact and tamper-resistant 2K HD PoE camera with night vision designed for low-profile indoor security.","https://images.svc.ui.com/?u=https%3A%2F%2Fcdn.ecomm.ui.com%2Fproducts%2Fc2eb7a6f-7d6a-4b84-b1bd-7dc54e26c4e2%2F6417969a-f091-4db6-a8dc-7f7226e5968c.png&q=75&w=3840"
"22","Camera G4 Pro","UNIFI","UVC-G4-PRO","Camera","0","2024-09-25 12:31:50","2024-10-01 12:05:20","0","4K night-vision camera designed for long-range, indoor and outdoor surveillance.","https://images.svc.ui.com/?u=https%3A%2F%2Fcdn.ecomm.ui.com%2Fproducts%2F952638fe-6e9d-4e43-aa39-790b7712c11c%2F9ed82ebf-e315-4549-97dd-2391dbe6fd2c.png&q=75&w=3840"
"23","Camera G4 Bullet","UNIFI","UVC-G4-BULLET","Camera","0","2024-09-25 12:32:41","2024-10-01 12:05:20","12345678905","Indoor/outdoor PoE camera designed to provide optimal nighttime surveillance.","https://images.svc.ui.com/?u=https%3A%2F%2Fcdn.ecomm.ui.com%2Fproducts%2F0152e6dc-5701-49e2-bff7-dc87321742a8%2F4b567c26-501f-4afb-8944-35e09609d096.png&q=75&w=3840"
"24","Camera G4 Dome","UNIFI","UVC-G4-DOME","Camera","0","2024-09-25 12:33:38","2024-10-01 12:05:20","671860013525","High-resolution PoE camera designed for overhead and wide-area surveillance.","https://images.svc.ui.com/?u=https%3A%2F%2Fcdn.ecomm.ui.com%2Fproducts%2Feb76b35c-fa0a-4418-a876-643e5c3a31b7%2Ffb1fd2ac-8785-4019-a16f-e3bf374f76aa.png&q=75&w=3840"
"25","Switch Aggregation","UNIFI","USW-Aggregation","Switch","0","2024-09-30 11:49:08","2024-10-01 12:05:20","0","0","https://images.svc.ui.com/?u=https%3A%2F%2Fcdn.ecomm.ui.com%2Fproducts%2F1c748fb1-b4df-43ef-83e0-d5ed26f9db7c%2F62a5034c-8fc5-482c-8cda-836f0e9c6533.png&q=75&w=3840"
"26","Switch Hi-Capacity Aggregation","UNIFI","USW-Pro-Aggregation","Switch","0","2024-09-30 11:51:59","2024-10-01 12:05:20","0","0","https://images.svc.ui.com/?u=https%3A%2F%2Fcdn.ecomm.ui.com%2Fproducts%2F35879d83-6169-4d6b-abf6-d3b98b1e8367%2F69f12d23-12a4-4094-a0a8-4cd5bfd1440a.png&q=75&w=3840"
"28","Switch Flex Mini","UNIFI","USW-Flex-Mini","Switch","0","2024-09-30 12:02:41","2024-10-01 12:04:58","0","0","https://images.svc.ui.com/?u=https%3A%2F%2Fcdn.ecomm.ui.com%2Fproducts%2F5a176b22-af34-40f2-820c-958610df1825%2F53b18060-26ad-4376-b33d-0522ff4cc3fb.png&q=75&w=3840"
"29","Switch Flex (46w)","UNIFI","USW-Flex","Switch","0","2024-09-30 12:04:50","2024-10-01 12:05:20","0","0","https://images.svc.ui.com/?u=https%3A%2F%2Fcdn.ecomm.ui.com%2Fproducts%2Fc9a07d37-b390-4a5b-89c5-3cdab8e011c7%2Fb9dc2928-1bdd-49a7-a465-e2dc7ee5de97.png&q=75&w=3840"
"32","Switch Industrial (430w)","UNIFI","USW-Industrial","Switch","0","2024-09-30 12:30:39","2024-10-01 10:53:53","0","0","https://images.svc.ui.com/?u=https%3A%2F%2Fcdn.ecomm.ui.com%2Fproducts%2Fe9c1cd60-bc9d-4e80-9e17-7a3dbecf9f29%2Fcd3da8c5-3af0-4655-abb2-8ba4b1ace37d.png&q=75&w=3840"
"33","Switch Standard 16 PoE (42w)","UNIFI","USW-16-PoE","Switch","0","2024-09-30 12:33:13","2024-10-01 10:54:38","0","0","https://images.svc.ui.com/?u=https%3A%2F%2Fcdn.ecomm.ui.com%2Fproducts%2Fab04370e-f45d-4651-828c-b290de8df45b%2F0a115833-79cf-45e6-8b9d-89ece81c355a.png&q=75&w=3840"
"34","Switch Standard 24","UNIFI","USW-24","Switch","0","2024-09-30 12:39:12","2024-10-01 10:55:15","0","0","https://images.svc.ui.com/?u=https%3A%2F%2Fcdn.ecomm.ui.com%2Fproducts%2Fd443e087-efcf-47a1-8465-7fa3e60cf916%2Fcb541c51-a867-4518-b8a5-3590597b3160.png&q=75&w=3840"
"35","Switch Pro 24","UNIFI","USW-Pro-24","Switch","0","2024-09-30 12:41:22","2024-10-01 10:56:52","0","0","https://images.svc.ui.com/?u=https%3A%2F%2Fcdn.ecomm.ui.com%2Fproducts%2F2315330e-7a37-4c6b-87df-0743d04e87ca%2F305b9dc2-7ea2-4cfc-9b8c-41c13b00dc88.png&q=75&w=3840"
"36","Switch Standard 48","UNIFI","USW-48","Switch","0","2024-09-30 14:10:16","2024-10-01 11:00:01","0","0","https://images.svc.ui.com/?u=https%3A%2F%2Fcdn.ecomm.ui.com%2Fproducts%2F8a649eb8-c497-4240-92ba-a5c7a792c395%2F18862cdb-1998-45a6-847a-d6d044c20c05.png&q=75&w=3840"
"37","Switch Pro 48","UNIFI","USW-Pro-48","Switch","0","2024-09-30 14:14:09","2024-10-01 11:00:43","0","0","https://images.svc.ui.com/?u=https%3A%2F%2Fcdn.ecomm.ui.com%2Fproducts%2F17a1db0a-a705-4ea0-b538-2972ca71615a%2Fa64b695c-f263-49a3-aea5-2092bb6d49aa.png&q=75&w=3840"
"38","Switch Pro 8 PoE (120w)","UNIFI","USW-Pro-8-PoE","Switch","0","2024-09-30 14:17:43","2024-10-01 11:01:22","0","0","https://images.svc.ui.com/?u=https%3A%2F%2Fcdn.ecomm.ui.com%2Fproducts%2F37c8c814-f786-4f8a-ac58-96525f22e029%2Fefd44a70-707b-41d6-956b-7a56d16b18f0.png&q=75&w=3840"
"39","Switch Pro Max 16","UNIFI","USW-Pro-Max-16","Switch","0","2024-09-30 14:19:17","2024-10-01 11:02:01","0","0","https://images.svc.ui.com/?u=https%3A%2F%2Fcdn.ecomm.ui.com%2Fproducts%2F065e9d0f-19c7-4b9e-8b36-8e900363af80%2F91270f01-f32a-4e5d-8691-f87df0320bf1.png&q=75&w=3840"
"40","AP U6 Extender","UNIFI","U6-Extender","Access Point","0","2024-09-30 14:23:32","2024-10-01 11:21:20","0","0","https://images.svc.ui.com/?u=https%3A%2F%2Fcdn.ecomm.ui.com%2Fproducts%2F25250ea7-8a67-4ddf-855b-d712a61c62a4%2F833afef7-a129-4218-9f1f-1ede30b42a58.png&q=75&w=3840"
"41","AP U6 In-Wall","UNIFI","U6-IW","Access Point","0","2024-09-30 14:24:52","2024-10-01 11:21:51","0","0","https://images.svc.ui.com/?u=https%3A%2F%2Fcdn.ecomm.ui.com%2Fproducts%2F9e487835-2aa9-4813-b210-732744a2884a%2Fcac2e05e-2e46-4d47-84b2-7e3bb7d7ca1a.png&q=75&w=3840"
"42","AP U6 Lite","UNIFI","U6-Lite","Access Point","0","2024-09-30 14:27:06","2024-10-01 11:22:25","0","0","https://images.svc.ui.com/?u=https%3A%2F%2Fcdn.ecomm.ui.com%2Fproducts%2F259686b4-ae75-411c-90bc-e4040e38ca56%2F3dac99a9-6352-44f3-ac8b-ade89c707831.png&q=75&w=3840"
"49","Camera G5 Flex","UNIFI","UVC-G5-Flex","Camera","0","2024-09-30 14:57:14","2024-10-01 11:23:05","0","0","https://images.svc.ui.com/?u=https%3A%2F%2Fcdn.ecomm.ui.com%2Fproducts%2Faf685346-47c7-41cf-a3c8-71ab26608dcd%2Fc8249de8-79af-4b9b-8566-fdaedf6917b9.png&q=75&w=3840"
"50","Camera G4 Doorbell Pro","UNIFI","UVC-G4 Doorbell Pro","Camera","0","2024-09-30 15:00:14","2024-10-01 11:24:05","0","0","https://images.svc.ui.com/?u=https%3A%2F%2Fcdn.ecomm.ui.com%2Fproducts%2F09c53756-12c3-4f3c-b0e7-f4268a0ad88f%2Ff54d06e6-a0e5-4393-89b1-459f3fd6570b.png&q=75&w=3840"
"51","Camera AI 360","UNIFI","UVC-AI-360","Camera","0","2024-09-30 15:02:42","2024-10-01 11:24:34","0","0","https://images.svc.ui.com/?u=https%3A%2F%2Fcdn.ecomm.ui.com%2Fproducts%2F509a3a6f-f6d1-4a62-962c-b42e33d4955d%2F7ce5e841-dd89-4504-9dfc-68e596388af5.png&q=75&w=3840"
"52","Switch Flex 10 GbE","UNIFI","USW-Flex-XG","Switch","0","2024-09-30 15:23:39","2024-10-01 11:04:34","0","0","https://images.svc.ui.com/?u=https%3A%2F%2Fcdn.ecomm.ui.com%2Fproducts%2F61d6b40e-0997-4ce0-b723-bb0c2c4aafa2%2F50734fc2-32d7-40f0-9565-f0c7b07e92cc.png&q=75&w=3840"
"53","Switch Pro Max 24","UNIFI","USW-Pro-Max-24","Switch","0","2024-09-30 15:25:40","2024-10-01 11:03:35","0","0","https://images.svc.ui.com/?u=https%3A%2F%2Fcdn.ecomm.ui.com%2Fproducts%2Fdd435390-1705-4159-852c-fd210b4e7c17%2F593c76f6-f1c0-4134-9ecb-e0bda2a2d816.png&q=75&w=3840"
"54","Switch Pro Max 48","UNIFI","USW-Pro-Max-48","Switch","0","2024-09-30 15:26:26","2024-10-01 11:05:25","0","0","https://images.svc.ui.com/?u=https%3A%2F%2Fcdn.ecomm.ui.com%2Fproducts%2F0966f626-63a9-4dc6-b07d-2e0b40e2cead%2F9af5c00b-c70e-4c42-a053-776380d9ac1c.png&q=75&w=3840"
"55","Switch Flex Mini 2.5G","UNIFI","USW-Flex-2.5G-5","Switch","0","2024-09-30 15:30:43","2024-10-01 11:06:03","0","0","https://images.svc.ui.com/?u=https%3A%2F%2Fcdn.ecomm.ui.com%2Fproducts%2F50830d51-4d7e-47ea-92f4-11043d3d664f%2Fd3cef4e0-c1e8-4f3a-b43c-288f4359ade1.png&q=75&w=3840"
"56","Switch Enterprise 48 PoE (720w)","UNIFI","USW-Enterprise-48-PoE","Switch","0","2024-09-30 15:35:42","2024-10-01 11:06:50","0","0","https://images.svc.ui.com/?u=https%3A%2F%2Fcdn.ecomm.ui.com%2Fproducts%2F81802ee3-ab5d-46f6-b6f7-2abbe2a5968b%2F41742982-4569-4f83-b209-3676a8374332.png&q=75&w=3840"
"57","Switch Enterprise 8 PoE (120w)","UNIFI","USW-Enterprise-8-PoE","Switch","0","2024-09-30 15:37:00","2024-10-01 11:07:25","0","0","https://images.svc.ui.com/?u=https%3A%2F%2Fcdn.ecomm.ui.com%2Fproducts%2Ff9af6d87-2024-475d-a062-2038566ac850%2F306d942b-254e-4287-88b8-b715ff356d2e.png&q=75&w=3840"
"58","Camera AI Pro","UNIFI","UVC-AI-Pro","Camera","0","2024-09-30 15:49:55","2024-10-01 11:26:37","0","0","https://images.svc.ui.com/?u=https%3A%2F%2Fcdn.ecomm.ui.com%2Fproducts%2F3b2997e9-38a5-499b-9b01-28acaf9bf6b7%2F3b579101-bfac-4a57-987b-f06d5fb9a3fd.png&q=75&w=3840"
"59","Camera G5 PTZ","UNIFI","UVC-G5-PTZ","Camera","0","2024-09-30 15:50:39","2024-10-01 11:27:08","0","0","https://images.svc.ui.com/?u=https%3A%2F%2Fcdn.ecomm.ui.com%2Fproducts%2Fe3cbecf3-07dc-4f09-82e1-b88dca942d7a%2F75026cb6-a40b-4e96-b4f8-b348020086e9.png&q=75&w=3840"
"60","Protect Viewport","UNIFI","UFP-VIEWPORT","NVR","0","2024-09-30 15:52:10","2024-10-01 11:27:39","0","0","https://images.svc.ui.com/?u=https%3A%2F%2Fcdn.ecomm.ui.com%2Fproducts%2F8166e57f-3ab1-4683-8e89-d88d7e4ae171%2Fe519b029-32c7-4227-bf89-fb891a813575.png&q=75&w=3840"
"61","Camera AI Theta","UNIFI","UVC-AI-Theta","Camera","0","2024-09-30 15:53:43","2024-10-01 11:28:39","0","0","https://images.svc.ui.com/?u=https%3A%2F%2Fcdn.ecomm.ui.com%2Fproducts%2F81578fff-57b1-4c6c-88c9-facf57670f7f%2F4f3e760b-f857-49a0-a3ed-2a46dd6ae000.png&q=75&w=3840"
"62","Network Video Recorder Pro","UNIFI","UNVR-Pro","NVR","0","2024-09-30 15:58:20","2024-10-01 11:29:24","0","0","https://images.svc.ui.com/?u=https%3A%2F%2Fcdn.ecomm.ui.com%2Fproducts%2F5692c483-9bbf-4ad1-a80a-11e29e1adc3e%2Fac7c57ea-dc6f-40fb-a449-f2132fcf5462.png&q=75&w=3840"
"63","Enterprise Network Video Recorder","UNIFI","ENVR","NVR","0","2024-09-30 15:59:07","2024-10-01 11:29:56","0","0","https://images.svc.ui.com/?u=https%3A%2F%2Fcdn.ecomm.ui.com%2Fproducts%2F69d591b5-0c1b-4b75-9361-0f3237df94a7%2F80b3e786-8416-4a75-a98a-1b3297a1a6b6.png&q=75&w=3840"
"64","Rack Mount 1U Blank Panel","UNIFI","UACC-Rack-Panel-Blank-1U","Accessories","0","2024-10-01 09:25:13","2024-10-01 11:35:32","0","0","https://gfx3.senetic.com/akeneo-catalog/f/9/e/4/f9e4f2d6c1b8867521729583534ec9943f1fb3d6_1680669_UACC_RACK_PANEL_BLANK_1U_custom_image4"
"65","Rack Mount 2U Blank Panel","UNIFI","UACC-Rack-Panel-Blank-2U","Accessories","0","2024-10-01 09:28:24","2024-10-01 11:38:51","0","0","https://gfx3.senetic.com/akeneo-catalog/8/e/2/5/8e250d5c8966f56a681886c8ffe9e4b76a9d4494_1680670_UACC_RACK_PANEL_BLANK_2U_custom_image4"
"66","Rack Mount 1U Vented Panel","UNIFI","UACC-Rack-Panel-Vented-1U","Accessories","0","2024-10-01 09:30:09","2024-10-01 11:39:45","0","0","https://gfx3.senetic.com/akeneo-catalog/b/0/c/4/b0c44bbd453c6c73499ceb0106a478fc56adc1ee_1680671_UACC_RACK_PANEL_VENTED_1U_custom_image4"
"67","Rack Mount 2U Vented Panel","UNIFI","UACC-Rack-Panel-Vented-2U","Accessories","0","2024-10-01 09:31:44","2024-10-01 11:40:36","0","0","https://gfx3.senetic.com/akeneo-catalog/b/6/5/5/b6550bdc4cfcc04e10686516293834f3cbb7a5f8_1680672_UACC_RACK_PANEL_VENTED_2U_custom_image4"
"68","Rack Mount 1U Brush Panel","UNIFI","UACC-Rack-Panel-Brush-1U","Accessories","0","2024-10-01 09:33:00","2024-10-01 11:43:57","0","0","https://images.svc.ui.com/?u=https%3A%2F%2Fcdn.ecomm.ui.com%2Fproducts%2F24c35f46-e2bf-4085-8fa4-946f927ce372%2F437fa996-073b-403a-a2c3-94b37d748d4a.png&q=75&w=3840"
"69","Precision Rack Mount Kit, 20-Pack","UNIFI","UACC-Rack-PM-Kit","Accessories","0","2024-10-01 09:34:43","2024-10-01 11:52:43","0","0","https://images.svc.ui.com/?u=https%3A%2F%2Fcdn.ecomm.ui.com%2Fproducts%2F91283f69-c9c1-49cc-afc0-3f2b16e7914a%2F1928a13f-96ad-49ce-8fd7-b8ad9df5ccb1.png&q=75&w=3840"
"70","Keystone Blank Insert, 24-Pack","UNIFI","UACC-Keystone-Blank-Insert","Accessories","0","2024-10-01 09:36:20","2024-10-01 11:53:20","0","0","https://images.svc.ui.com/?u=https%3A%2F%2Fcdn.ecomm.ui.com%2Fproducts%2F87a0cd9f-b8be-4801-bf15-a623f34ad03e%2Fc0793a17-e23a-4771-8f5d-a0089e6c6366.png&q=75&w=3840"
"71","RJ45 Dust Cover, 24-Pack","UNIFI","UACC-RJ45-Cover","Accessories","0","2024-10-01 09:37:32","2024-10-01 11:54:01","0","0","https://images.svc.ui.com/?u=https%3A%2F%2Fcdn.ecomm.ui.com%2Fproducts%2F35378311-6726-43f3-a77c-f220ed3caf93%2Fed8ddc24-ac27-4a9a-b4b4-5c6966d49eb5.png&q=75&w=3840"
"72","Mobile Router","UNIFI","UMR","Router","0","2024-10-01 09:39:41","2024-10-01 11:54:49","0","0","https://images.svc.ui.com/?u=https%3A%2F%2Fcdn.ecomm.ui.com%2Fproducts%2Fe877092f-9fac-4a8a-919c-82380b395793%2Ff5031aec-63b5-490b-b5b7-74688cee29c2.png&q=75&w=3840"
"73","PowerAmp","UNIFI","UPL-Amp-B","Others","0","2024-10-01 09:41:51","2024-10-01 11:56:08","0","0","https://images.svc.ui.com/?u=https%3A%2F%2Fcdn.ecomm.ui.com%2Fproducts%2Fb8b759fd-034e-496e-b5cd-a7704ac08342%2F6c839491-e3a5-4945-9be1-7da1e1eb6c30.png&q=75&w=3840"
"74","Long-Range Ethernet Repeater","UNIFI","UACC-LRE","Others","0","2024-10-01 09:44:15","2024-10-01 11:56:47","0","0","https://images.svc.ui.com/?u=https%3A%2F%2Fcdn.ecomm.ui.com%2Fproducts%2Fbbcb6518-3e25-489b-8648-6f9456453eca%2F2f80f668-002b-4eba-b0eb-e11d0ec0a818.png&q=75&w=3840"
"75","Patch Cable 0.1m / Black","UNIFI","U-Cable-Patch-RJ45-BK","Accessories","0","2024-10-01 09:48:23","2024-10-01 11:58:28","0","0","https://images.svc.ui.com/?u=https%3A%2F%2Fcdn.ecomm.ui.com%2Fproducts%2F4436004e-b03e-41e8-bc14-50d82fcdfe0c%2Fcbab6e85-6ad3-43e3-b589-f729aa3b4425.png&q=75&w=3840"
"76","Patch Cable 0.1m / Blue","UNIFI","U-Cable-Patch-RJ45-BL","Accessories","0","2024-10-01 09:50:10","2024-10-01 12:02:36","0","0","https://images.svc.ui.com/?u=https%3A%2F%2Fcdn.ecomm.ui.com%2Fproducts%2F4436004e-b03e-41e8-bc14-50d82fcdfe0c%2F0dcbf8ca-7c65-4bf6-87a7-e39b23c99c15.png&q=75&w=3840"
"77","Patch Cable 0.3m / Black","UNIFI","U-Cable-Patch-0.3M-RJ45-BK","Accessories","0","2024-10-01 09:58:29","2024-10-01 12:01:44","0","0","https://images.svc.ui.com/?u=https%3A%2F%2Fcdn.ecomm.ui.com%2Fproducts%2F4436004e-b03e-41e8-bc14-50d82fcdfe0c%2Fcbab6e85-6ad3-43e3-b589-f729aa3b4425.png&q=75&w=3840"
"78","Patch Cable 0.3m / Blue","UNIFI","U-Cable-Patch-0.3M-RJ45-BL","Accessories","0","2024-10-01 10:00:00","2024-10-01 12:02:36","0","0","https://images.svc.ui.com/?u=https%3A%2F%2Fcdn.ecomm.ui.com%2Fproducts%2F4436004e-b03e-41e8-bc14-50d82fcdfe0c%2F0dcbf8ca-7c65-4bf6-87a7-e39b23c99c15.png&q=75&w=3840"
"79","Patch Cable 1m / Black","UNIFI","U-Cable-Patch-1M-RJ45-BK","Accessories","0","2024-10-01 10:02:14","2024-10-01 12:01:44","0","0","https://images.svc.ui.com/?u=https%3A%2F%2Fcdn.ecomm.ui.com%2Fproducts%2F4436004e-b03e-41e8-bc14-50d82fcdfe0c%2Fcbab6e85-6ad3-43e3-b589-f729aa3b4425.png&q=75&w=3840"
"80","Patch Cable 1m / Blue","UNIFI","U-Cable-Patch-1M-RJ45-BL","Accessories","0","2024-10-01 10:03:34","2024-10-01 12:02:36","0","0","https://images.svc.ui.com/?u=https%3A%2F%2Fcdn.ecomm.ui.com%2Fproducts%2F4436004e-b03e-41e8-bc14-50d82fcdfe0c%2F0dcbf8ca-7c65-4bf6-87a7-e39b23c99c15.png&q=75&w=3840"
"81","Patch Cable 2m / Black","UNIFI","U-Cable-Patch-2M-RJ45-BK","Accessories","0","2024-10-01 10:07:33","2024-10-01 12:01:44","0","0","https://images.svc.ui.com/?u=https%3A%2F%2Fcdn.ecomm.ui.com%2Fproducts%2F4436004e-b03e-41e8-bc14-50d82fcdfe0c%2Fcbab6e85-6ad3-43e3-b589-f729aa3b4425.png&q=75&w=3840"
"82","Patch Cable 2m / Blue","UNIFI","U-Cable-Patch-2M-RJ45-BL","Accessories","0","2024-10-01 10:08:56","2024-10-01 12:02:36","0","0","https://images.svc.ui.com/?u=https%3A%2F%2Fcdn.ecomm.ui.com%2Fproducts%2F4436004e-b03e-41e8-bc14-50d82fcdfe0c%2F0dcbf8ca-7c65-4bf6-87a7-e39b23c99c15.png&q=75&w=3840"
"83","Patch Cable 3m / Black","UNIFI","U-Cable-Patch-3M-RJ45-BK","Accessories","0","2024-10-01 10:10:33","2024-10-01 12:01:44","0","0","https://images.svc.ui.com/?u=https%3A%2F%2Fcdn.ecomm.ui.com%2Fproducts%2F4436004e-b03e-41e8-bc14-50d82fcdfe0c%2Fcbab6e85-6ad3-43e3-b589-f729aa3b4425.png&q=75&w=3840"
"84","Patch Cable 3m / Blue","UNIFI","U-Cable-Patch-3M-RJ45-BL","Accessories","0","2024-10-01 10:11:54","2024-10-01 12:02:36","0","0","https://images.svc.ui.com/?u=https%3A%2F%2Fcdn.ecomm.ui.com%2Fproducts%2F4436004e-b03e-41e8-bc14-50d82fcdfe0c%2F0dcbf8ca-7c65-4bf6-87a7-e39b23c99c15.png&q=75&w=3840"
"85","Patch Cable 5m / Black","UNIFI","U-Cable-Patch-5M-RJ45-BK","Accessories","0","2024-10-01 10:23:25","2024-10-01 12:01:44","0","0","https://images.svc.ui.com/?u=https%3A%2F%2Fcdn.ecomm.ui.com%2Fproducts%2F4436004e-b03e-41e8-bc14-50d82fcdfe0c%2Fcbab6e85-6ad3-43e3-b589-f729aa3b4425.png&q=75&w=3840"
"86","Patch Cable 5m / Blue","UNIFI","U-Cable-Patch-5M-RJ45-BL","Accessories","0","2024-10-01 10:24:07","2024-10-01 12:02:36","0","0","https://images.svc.ui.com/?u=https%3A%2F%2Fcdn.ecomm.ui.com%2Fproducts%2F4436004e-b03e-41e8-bc14-50d82fcdfe0c%2F0dcbf8ca-7c65-4bf6-87a7-e39b23c99c15.png&q=75&w=3840"
"87","Patch Cable 8m / Black","UNIFI","U-Cable-Patch-8M-RJ45-BK","Accessories","0","2024-10-01 10:25:01","2024-10-01 12:01:44","0","0","https://images.svc.ui.com/?u=https%3A%2F%2Fcdn.ecomm.ui.com%2Fproducts%2F4436004e-b03e-41e8-bc14-50d82fcdfe0c%2Fcbab6e85-6ad3-43e3-b589-f729aa3b4425.png&q=75&w=3840"
"88","Patch Cable 8m / Blue","UNIFI","U-Cable-Patch-8M-RJ45-BL","Accessories","0","2024-10-01 10:26:02","2024-10-01 12:02:36","0","0","https://images.svc.ui.com/?u=https%3A%2F%2Fcdn.ecomm.ui.com%2Fproducts%2F4436004e-b03e-41e8-bc14-50d82fcdfe0c%2F0dcbf8ca-7c65-4bf6-87a7-e39b23c99c15.png&q=75&w=3840"
"89","Patch Cable 0.1m (50-pack) / Black","UNIFI","U-Cable-Patch-RJ45-BK-50","Accessories","0","2024-10-01 10:28:39","2024-10-01 12:01:44","0","0","https://images.svc.ui.com/?u=https%3A%2F%2Fcdn.ecomm.ui.com%2Fproducts%2F4436004e-b03e-41e8-bc14-50d82fcdfe0c%2Fcbab6e85-6ad3-43e3-b589-f729aa3b4425.png&q=75&w=3840"
"90","Patch Cable 0.1m (50-pack) / Blue","UNIFI","U-Cable-Patch-RJ45-BL-50","Accessories","0","2024-10-01 10:29:41","2024-10-01 12:02:36","0","0","https://images.svc.ui.com/?u=https%3A%2F%2Fcdn.ecomm.ui.com%2Fproducts%2F4436004e-b03e-41e8-bc14-50d82fcdfe0c%2F0dcbf8ca-7c65-4bf6-87a7-e39b23c99c15.png&q=75&w=3840"
"91","H4A Wall mount bracket","AVIGILON","H4A-MT-WALL1","Accessories","0","2024-10-01 13:54:31","2024-10-04 11:44:50","0","Wall mount bracket for use with H5A/H4A pendant dome cameras","https://cdn.adiglobal.fr/pim/500X500/10003/1064661306_1.jpg"
"92","H6M Surface mount bezel","AVIGILON","H6M-BZL1-GRY","Accessories","0","2024-10-01 14:08:44","0","0","Grey surface mount bezel for H6M dome cameras, package of 5","https://cdn.adiglobal.fr/pim/500X500/10052/H4M-BZL1-GRY.jpg"
"93","H6M In-Ceiling mount","AVIGILON","H6M-MT-DCIL1","Accessories","0","2024-10-01 14:08:44","0","0","In-Ceiling mount for H6M dome cameras","https://cdn.adiglobal.fr/pim/500X500/10004/H6M-MT-DCIL1_alt2.jpg"
"94","H6M Pendant mount","AVIGILON","H6M-MT-NPTA1","Accessories","0","2024-10-01 14:19:43","2024-10-01 14:20:35","0","Pendant mount for H6M dome camera","https://www.hattelandtechnology.se/Media/Cache/Images/2/4/WEB_Image_H6M-MT-NPTA1_Pendant_mount_for_H6M_dome__h6m-mt-npta1_pendant_side_white2029986321_plid_271004.png"
"95","H4 Wall arm","AVIGILON","IRPTZ-MNT-WALL1","Accessories","0","2024-10-01 14:26:53","0","0","Wall arm for use with H4 IR PTZ or H4A-MH-AD-PEND1 on H4/H5 Multisensor.","https://cdn.adiglobal.fr/pim/500X500/10006/1064661313_lg.jpg"
"96","Imager module","AVIGILON","5C-H5MOD-MB2","Camera","0","2024-10-01 14:32:07","0","0","5MP, H5A Mod, WDR, 2.8mm Fixed Lens, f/2.0, Micro Bullet Imager","https://www.hattelandtechnology.se/Media/Cache/Images/2/5/WEB_Image_5C-H5MOD-MB2_Imager_module_2_8mm_Fixed_M_bullet_frt_34_v2_avo-219659913_plid_269515.png"
"97","6MP Box Camera","AVIGILON","6.0C-H6X-B","Camera","0","2024-10-01 14:36:07","2024-10-01 14:43:46","0","6MP H6X Box Camera Compatible with CS/iCS Lens","https://www.tssgroup.cz/buxus/images/cache/product_catalog.eshop_product_list/fotogaleria/katalog_produktov/avigilon_2.0c-h6x-b_2_mpx_boxova_kamera/h6x-b_a.jpg"
"98","8MP Box Camera","AVIGILON","8.0C-H6X-B","Camera","0","2024-10-01 14:47:09","0","0","8MP H6X Box Camera Compatible with CS/iCS Lens","https://www.tssgroup.cz/buxus/images/cache/product_catalog.eshop_product_list/fotogaleria/katalog_produktov/avigilon_2.0c-h6x-b_2_mpx_boxova_kamera/h6x-b_a.jpg"
"99","2.0C-H6A-BO1-IR","AVIGILON","2.0C-H6A-BO1-IR","Camera","0","2024-10-01 14:55:16","2024-10-01 15:18:52","0","2MP H6A Bullet IR Camera with 2.8-12mm Lens","https://www.hattelandtechnology.se/Media/Cache/Images/2/4/WEB_Image_2_0C-H6A-BO2-IR_2MP_H6A_Bullet_IR_Camera_h6a-bo1841334675_plid_280184.png"
"100","2.0C-H6A-BO2-IR","AVIGILON","2.0C-H6A-BO2-IR","Camera","0","2024-10-01 14:55:16","2024-10-01 15:18:52","0","2MP H6A Bullet IR Camera with 33x Zoom","https://www.hattelandtechnology.se/Media/Cache/Images/2/0/WEB_Image_2_0C-H6A-BO1-IR_2MP_H6A_Bullet_IR_Camera_h6a-bo1-273800698_plid_277810.png"
"101","4.0C-H6A-BO1-IR","AVIGILON","4.0C-H6A-BO1-IR","Camera","0","2024-10-01 15:06:42","2024-10-01 15:18:52","0","4MP H6A Bullet IR Camera with 4.4-9.3mm Lens","https://www.hattelandtechnology.se/Media/Cache/Images/2/0/WEB_Image_2_0C-H6A-BO1-IR_2MP_H6A_Bullet_IR_Camera_h6a-bo1-273800698_plid_277810.png"
"102","4.0C-H6A-BO2-IR","AVIGILON","4.0C-H6A-BO2-IR","Camera","0","2024-10-01 15:06:42","2024-10-01 15:18:52","0","4MP H6A Bullet IR Camera with 31x Zoom","https://www.hattelandtechnology.se/Media/Cache/Images/2/0/WEB_Image_2_0C-H6A-BO1-IR_2MP_H6A_Bullet_IR_Camera_h6a-bo1-273800698_plid_277810.png"
"103","6.0C-H6A-BO1-IR","AVIGILON","6.0C-H6A-BO1-IR","Camera","0","2024-10-01 15:06:42","2024-10-01 15:18:52","0","6MP H6A Bullet IR Camera with 4.4-9.3mm Lens","https://www.hattelandtechnology.se/Media/Cache/Images/2/0/WEB_Image_2_0C-H6A-BO1-IR_2MP_H6A_Bullet_IR_Camera_h6a-bo1-273800698_plid_277810.png"
"104","6.0C-H6A-BO2-IR","AVIGILON","6.0C-H6A-BO2-IR","Camera","0","2024-10-01 15:11:55","2024-10-01 15:18:52","0","6MP H6A Bullet IR Camera with 31x Zoom","https://www.hattelandtechnology.se/Media/Cache/Images/2/0/WEB_Image_2_0C-H6A-BO1-IR_2MP_H6A_Bullet_IR_Camera_h6a-bo1-273800698_plid_277810.png"
"105","8.0C-H6A-BO1-IR","AVIGILON","8.0C-H6A-BO1-IR","Camera","0","2024-10-01 15:11:55","2024-10-01 15:18:52","0","8MP H6A Bullet IR Camera with 4.4-9.3mm Lens","https://www.hattelandtechnology.se/Media/Cache/Images/2/0/WEB_Image_2_0C-H6A-BO1-IR_2MP_H6A_Bullet_IR_Camera_h6a-bo1-273800698_plid_277810.png"
"106","8.0C-H6A-BO2-IR","AVIGILON","8.0C-H6A-BO2-IR","Camera","0","2024-10-01 15:11:55","2024-10-01 15:18:52","0","8MP H6A Bullet IR Camera with 31x Zoom","https://www.hattelandtechnology.se/Media/Cache/Images/2/0/WEB_Image_2_0C-H6A-BO1-IR_2MP_H6A_Bullet_IR_Camera_h6a-bo1-273800698_plid_277810.png"
"107","2.0C-H6A-D1-IR","AVIGILON","2.0C-H6A-D1-IR","Camera","0","2024-10-01 15:11:55","2024-10-01 15:18:52","0","2MP H6A Indoor IR Dome Camera with 2.8-12mm Lens","https://www.hattelandtechnology.se/Media/Cache/Images/2/6/WEB_Image_2_0C-H6A-D1-IR_2MP_H6A_Indoor_Dome_Camer_h6a_dome1362306786_plid_277796.png"
"108","2.0C-H6A-DO1-IR","AVIGILON","2.0C-H6A-DO1-IR","Camera","0","2024-10-01 15:16:21","2024-10-01 15:22:00","0","2MP H6A Outdoor IR Dome Camera with 2.8-12mm Lens","https://www.hattelandtechnology.se/Media/Cache/Images/2/2/WEB_Image_2_0C-H6A-DO1-IR_2MP_H6A_Outdoor_IR_Dome__h6a_dome-904874847_plid_277672.png"
"109","2.0C-H6M-D1-IR","AVIGILON","2.0C-H6M-D1-IR","Camera","0","2024-10-01 15:16:21","2024-10-01 15:25:57","0","2.0 MP, H6 Mini Dome Camera, WDR, LightCatcher, Day/Night, 2.9mm f/2.0, IR","https://www.hattelandtechnology.se/Media/Cache/Images/2/9/WEB_Image_2_0C-H6M-D1-IR_Mini_Dome_Camera_2_0MP__2_h6m-d1-616368646_plid_270359.png"
"110","3.0C-H6M-D1-IR","AVIGILON","3.0C-H6M-D1-IR","Camera","0","2024-10-01 15:16:21","2024-10-01 15:28:52","0","3.0 MP, H6 Mini Dome Camera, WDR, LightCatcher, Day/Night, 2.9mm f/2.0, IR","https://www.hattelandtechnology.se/Media/Cache/Images/2/9/WEB_Image_2_0C-H6M-D1-IR_Mini_Dome_Camera_2_0MP__2_h6m-d1-616368646_plid_270359.png"
"111","3.0C-H6M-D2-IR","AVIGILON","3.0C-H6M-D2-IR","Camera","0","2024-10-01 15:16:21","2024-10-01 15:28:52","0","3.0 MP, H6 Mini Dome Camera, WDR, LightCatcher, Day/Night, 2.4mm f/2.1, IR","https://www.hattelandtechnology.se/Media/Cache/Images/2/9/WEB_Image_2_0C-H6M-D1-IR_Mini_Dome_Camera_2_0MP__2_h6m-d1-616368646_plid_270359.png"
"112","4.0C-H6A-D1-IR","AVIGILON","4.0C-H6A-D1-IR","Camera","0","2024-10-01 15:16:21","2024-10-01 15:31:14","0","4MP H6A Indoor IR Dome Camera with 4.4-9.3mm Lens","https://www.hattelandtechnology.se/Media/Cache/Images/2/8/WEB_Image_4_0C-H6A-D1-IR_4MP_H6A_Indoor_IR_Dome_4__h6a_dome1362576045_plid_279548.png"
"113","4.0C-H6A-DO1-IR","AVIGILON","4.0C-H6A-DO1-IR","Camera","0","2024-10-01 15:16:21","2024-10-01 15:31:14","0","4MP H6A Outdoor IR Dome Camera with 4.4-9.3mm Lens","https://www.hattelandtechnology.se/Media/Cache/Images/2/8/WEB_Image_4_0C-H6A-D1-IR_4MP_H6A_Indoor_IR_Dome_4__h6a_dome1362576045_plid_279548.png"
"114","5.0C-H6M-D1-IR","AVIGILON","5.0C-H6M-D1-IR","Camera","0","2024-10-01 15:16:21","2024-10-01 15:33:46","0","5.0 MP, H6 Mini Dome Camera, WDR, LightCatcher, Day/Night, 2.9mm f/2.0, IR","https://www.hattelandtechnology.se/Media/Cache/Images/2/0/WEB_Image_5_0C-H6M-D1-IR_Mini_Dome_Camera_5_0MP__2_h6m-d1156592864_plid_270980.png"
"115","5.0C-H6M-D2-IR","AVIGILON","5.0C-H6M-D2-IR","Camera","0","2024-10-01 15:16:21","2024-10-01 15:33:46","0","5.0 MP, H6 Mini Dome Camera, WDR, LightCatcher, Day/Night, 2.4mm f/2.1, IR","https://www.hattelandtechnology.se/Media/Cache/Images/2/0/WEB_Image_5_0C-H6M-D1-IR_Mini_Dome_Camera_5_0MP__2_h6m-d1156592864_plid_270980.png"
"116","6.0C-H6A-D1-IR","AVIGILON","6.0C-H6A-D1-IR","Camera","0","2024-10-01 15:37:55","0","0","6MP H6A Indoor IR Dome Camera with 4.4-9.3mm Lens","https://www.hattelandtechnology.se/Media/Cache/Images/2/4/WEB_Image_6_0C-H6A-D1-IR_6MP_H6A_Indoor_IR_Dome_4__h6a_dome265620336_plid_279554.png"
"117","6.0C-H6A-DO1-IR","AVIGILON","6.0C-H6A-DO1-IR","Camera","0","2024-10-01 15:37:55","0","0","6MP H6A Outdoor IR Dome Camera with 4.4-9.3mm Lens","https://www.hattelandtechnology.se/Media/Cache/Images/2/4/WEB_Image_6_0C-H6A-D1-IR_6MP_H6A_Indoor_IR_Dome_4__h6a_dome265620336_plid_279554.png"
"118","8.0C-H6A-D1-IR","AVIGILON","8.0C-H6A-D1-IR","Camera","0","2024-10-01 15:37:55","2024-10-01 15:39:16","0","8MP H6A Indoor IR Dome Camera with 4.4-9.3mm Lens","https://www.hattelandtechnology.se/Media/Cache/Images/2/4/WEB_Image_6_0C-H6A-D1-IR_6MP_H6A_Indoor_IR_Dome_4__h6a_dome265620336_plid_279554.png"
"119","8.0C-H6A-DO1-IR","AVIGILON","8.0C-H6A-DO1-IR","Camera","0","2024-10-01 15:37:55","2024-10-01 15:39:16","0","8MP H6A Outdoor IR Dome Camera with 4.4-9.3mm Lens","https://www.hattelandtechnology.se/Media/Cache/Images/2/4/WEB_Image_6_0C-H6A-D1-IR_6MP_H6A_Indoor_IR_Dome_4__h6a_dome265620336_plid_279554.png"
"120","10.0C-H5DH-DO1-IR","AVIGILON","10.0C-H5DH-DO1-IR","Camera","0","2024-10-02 09:14:47","0","0","2x 5MP H5A Dual Head Camera. Outdoor camera with built-in IR","https://www.hattelandtechnology.se/Media/Cache/Images/2/8/WEB_Image_10_0C-H5DH-DO1-IR_Dual_Head_Camera_2x_5M_h5_dual_straight_side-111277565_plid_267278.png"
"121","12.0W-H5A-FE-DC1","AVIGILON","12.0W-H5A-FE-DC1","Camera","0","2024-10-02 09:14:47","0","0","12.0 MP, Fisheye In-ceiling Camera, Day/Night, WDR, 1.6mm f/2.0, Next-Generation Analytics","https://www.hattelandtechnology.se/Media/Cache/Images/2/0/WEB_Image_12_0W-H5A-FE-DC1_12MP_H5A_Fisheye_3008x3_h5a_fisheye_in-ceiling-1626297019_plid_263600.png"
"122","12.0W-H5A-FE-DO1","AVIGILON","12.0W-H5A-FE-DO1","Camera","0","2024-10-02 09:18:20","0","0","12.0 MP, Fisheye Dome Camera, Day/Night, WDR, 1.6mm f/2.0, Next-Generation Analytics","https://www.hattelandtechnology.se/Media/Cache/Images/2/7/WEB_Image_12_0W-H5A-FE-DO1_12MP_H5A_Fisheye_3008x3_h5a_fisheye_surface511377071_plid_263597.png"
"123","12.0W-H5A-FE-DO1-IR","AVIGILON","12.0W-H5A-FE-DO1-IR","Camera","0","2024-10-02 09:18:20","0","0","12.0 MP, Fisheye Dome Camera, Day/Night, WDR, 1.6mm f/2.0, Next-Generation Analytics, Integrated IR","https://www.hattelandtechnology.se/Media/Cache/Images/2/8/WEB_Image_12_0W-H5A-FE-DO1-IR_12MP_H5A_Fisheye_300_h5a_fisheye_surface-1845640124_plid_263598.png"
"124","12C-H5A-4MH","AVIGILON","12C-H5A-4MH","Camera","0","2024-10-02 09:37:20","0","0","4X3MP, WDR, 360 degree max field of view, Lightcatcher, 3.3-5.7MM, Camera Only","https://www.digital-key-world.com/media/74/b6/bb/1678190988/236939.jpg"
"125","15C-H5A-3MH","AVIGILON","15C-H5A-3MH","Camera","0","2024-10-02 09:37:20","0","0","3X5MP, WDR, 270 degree max field of view, Lightcatcher, 3.3-5.7MM, Camera Only","https://www.digital-key-world.com/media/b1/38/93/1678190990/236940.jpg"
"126","20C-H5A-4MH","AVIGILON","20C-H5A-4MH","Camera","0","2024-10-02 09:37:20","0","0","4X5MP, WDR, 360 degree max field of view, Lightcatcher, 3.3-5.7MM, Camera Only","https://www.digital-key-world.com/media/96/92/09/1678190993/237134.jpg"
"127","24C-H5A-3MH","AVIGILON","24C-H5A-3MH","Camera","0","2024-10-02 09:37:20","0","0","3X8MP, WDR, 270 degree max field of view, Lightcatcher, 3.3-5.7MM","https://media.mayflex.com/images/SAVI002/H5A270X_800px.jpg"
"128","3.0C-H4V1-RO1-IR","AVIGILON","3.0C-HAV1-RO1-IR","Camera","0","2024-10-02 09:37:20","0","0","3X8MP, WDR, 270 degree max field of view, Lightcatcher, 3.3-5.7MM, Camera Only","https://cdn.adiglobal.fr/pim/500X500/10006/1064661279_lg.jpg"
"129","32C-H5A-4MH","AVIGILON","32C-H5A-4MH","Camera","0","2024-10-02 09:37:20","0","0","4X8MP, WDR, 360 degree max field of view, Lightcatcher, 3.3-5.7MM, Camera Only","https://www.digital-key-world.com/media/17/14/76/1678190997/237136.jpg"
"130","6.0C-H5DH-DO1-IR","AVIGILON","6.0C-H5DH-DO1-IR","Camera","0","2024-10-02 09:37:20","0","0","2x 3MP H5A Dual Head Camera. Outdoor camera with built-in IR","https://www.digital-key-world.com/media/e1/e8/43/1630490620/233025.jpg"
"131","8.0C-H5A-FE-DC1","AVIGILON","8.0C-H5A-FE-DC1","Camera","0","2024-10-02 09:51:35","0","0","8.0 MP, H5A Fisheye In-ceiling Camera, LightCatcher, Day/Night, WDR, 1.41mm f/2.0, Next-Generation Analytics","https://www.hattelandtechnology.se/Media/Cache/Images/2/9/WEB_Image_8_0C-H5A-FE-DC1_8MP_H5A_Fisheye_2048x204_h5a_fisheye_in-ceiling1171226636_plid_263599.png"
"132","8.0C-H5A-FE-DO1","AVIGILON","8.0C-H5A-FE-DO1","Camera","0","2024-10-02 09:51:35","0","0","8.0 MP, H5A Fisheye Dome Camera, LightCatcher, Day/Night, WDR, 1.41mm f/2.0, Next-Generation Analytics","https://www.hattelandtechnology.se/Media/Cache/Images/2/5/WEB_Image_8_0C-H5A-FE-DO1_8MP_H5A_Fisheye_2048x204_h5a_fisheye_surface-908794137_plid_263595.png"
"133","8.0C-H5A-FE-DO1-IR","AVIGILON","8.0C-H5A-FE-DO1-IR","Camera","0","2024-10-02 09:51:35","0","0","8.0 MP, H5A Fisheye Dome Camera, LightCatcher, Day/Night, WDR, 1.41mm f/2.0, Next-Generation Analytics, Integrated IR","https://www.hattelandtechnology.se/Media/Cache/Images/2/5/WEB_Image_8_0C-H5A-FE-DO1_8MP_H5A_Fisheye_2048x204_h5a_fisheye_surface-908794137_plid_263595.png"
"134","9C-H5A-3MH","AVIGILON","9C-H5A-3MH","Camera","0","2024-10-02 09:51:35","0","0","3X3MP, WDR, 270 degree max field of view, Lightcatcher, 3.3-5.7MM, Camera Only","https://www.digital-key-world.com/media/45/dd/e4/1678190986/236938.jpg"
"135","S-10.0C-H5DH-DO1-IR-BLK","AVIGILON","S-10.0C-H5DH-DO1-IR-BLK","Camera","0","2024-10-02 09:51:35","0","0","SMR CAM,H5DH,Idr,2x5.0MP,WDR1L3.4-7,BLK","https://www.digital-key-world.com/media/ef/73/28/1630490605/233026.jpg"
"136","320F-H5A-THC-BO12","AVIGILON","320F-H5A-THC-BO12","Camera","0","2024-10-02 09:54:51","2024-10-02 09:55:55","0","320x256, H5A Thermal, Bullet, 18mm f/1.0, NETD 50mK, 30Hz, Next-Generation Analytics","https://www.hattelandtechnology.se/Media/Cache/Images/2/4/WEB_Image_320F-H5A-THC-BO12_30Hz_320x256_18mm_NETD_h5a_thermal__thermal_rt_34_v3-112601471_plid_275514.png"
"137","320F-H5A-THC-BO16","AVIGILON","320F-H5A-THC-BO16","Camera","0","2024-10-02 10:05:06","2024-10-02 10:17:56","0","320x256, H5A Thermal, Bullet, 13.8 mm f/1.0, NETD 50mK, 30Hz, Next-Generation Analytics","https://www.digital-key-world.com/media/8a/ec/68/1682501882/237722.jpg"
"138","320F-H5A-THC-BO24","AVIGILON","320F-H5A-THC-BO24","Camera","0","2024-10-02 10:05:06","2024-10-02 10:17:56","0","320x256, H5A Thermal, Bullet, 9.1mm f/1.0, NETD 50mK, 30Hz, Next-Generation Analytics","https://www.digital-key-world.com/media/8a/ec/68/1682501882/237722.jpg"
"139","320F-H5A-THC-BO50","AVIGILON","320F-H5A-THC-BO50","Camera","0","2024-10-02 10:05:06","2024-10-02 10:17:56","0","320x256, H5A Thermal, Bullet, 4.3mm f/1.0, NETD 50mK, 30Hz, Next-Generation Analytics","https://www.digital-key-world.com/media/8a/ec/68/1682501882/237722.jpg"
"140","640F-H5A-THC-BO12","AVIGILON","640F-H5A-THC-BO12","Camera","0","2024-10-02 10:05:06","2024-10-02 10:17:56","0","640x512, H5A Thermal, Bullet, 36mm f/1.0, NETD 50mK, 30Hz, Next-Generation Analytics","https://www.digital-key-world.com/media/8a/ec/68/1682501882/237722.jpg"
"141","640F-H5A-THC-BO18","AVIGILON","640F-H5A-THC-BO18","Camera","0","2024-10-02 10:05:06","2024-10-02 10:17:56","0","640x512, H5A Thermal, Bullet, 24.3mm f/1.0, NETD 50mK, 30Hz, Next-Generation Analytics","https://www.digital-key-world.com/media/8a/ec/68/1682501882/237722.jpg"
"142","640F-H5A-THC-BO24","AVIGILON","640F-H5A-THC-BO24","Camera","0","2024-10-02 10:05:06","2024-10-02 10:17:56","0","640x512, H5A Thermal, Bullet, 18mm f/1.0, NETD 50mK, 30Hz, Next-Generation Analytics","https://www.digital-key-world.com/media/8a/ec/68/1682501882/237722.jpg"
"143","640F-H5A-THR-BO32","AVIGILON","640F-H5A-THR-BO32","Camera","0","2024-10-02 10:05:06","2024-10-02 10:17:56","0","640x512, H5A Radiometric, Bullet, 14mm f/1.0, NETD 50mK, 30Hz, Next-Generation Analytics","https://www.digital-key-world.com/media/8a/ec/68/1682501882/237722.jpg"
"144","640F-H5A-THR-BO50","AVIGILON","640F-H5A-THR-BO50","Camera","0","2024-10-02 10:05:06","2024-10-02 10:17:56","0","640x512, H5A Radiometric, Bullet, 9.2mm f/1.1, NETD 50mK, 30Hz, Next-Generation Analytics","https://www.digital-key-world.com/media/8a/ec/68/1682501882/237722.jpg"
"145","UNITY-ENT-SMART-1YR","AVIGILON","UNITY-ENT-SMART-1YR","UNITY","0","2024-10-02 10:17:56","2024-10-02 11:23:10","0","Unity Enterprise Smart Plan, 1 year","0"
"146","UNITY-ENT-SMART-3YR","AVIGILON","UNITY-ENT-SMART-3YR","UNITY","0","2024-10-02 10:17:56","0","0","Unity Enterprise Smart Plan, 3 years","0"
"147","UNITY-ENT-SMART-5YR","AVIGILON","UNITY-ENT-SMART-5YR","UNITY","0","2024-10-02 10:17:56","2024-10-02 11:23:42","0","Unity Enterprise Smart Plan, 5 years","0"
"148","UNITY-STD-SMART-1YR","AVIGILON","UNITY-STD-SMART-1YR","UNITY","0","2024-10-02 10:17:56","2024-10-02 10:47:52","0","Unity Standard Smart Plan, 1 year","0"
"149","UNITY-STD-SMART-3YR","AVIGILON","UNITY-STD-SMART-3YR","UNITY","0","2024-10-02 10:17:56","2024-10-02 11:23:42","0","Unity Standard Smart Plan, 3 years","0"
"150","UNITY-STD-SMART-5YR","AVIGILON","UNITY-STD-SMART-5YR","UNITY","0","2024-10-02 10:17:56","2024-10-02 11:23:42","0","Unity Standard Smart Plan, 5 years","0"
"151","UNITY8-ENT","AVIGILON","UNITY8-ENT","UNITY","0","2024-10-02 10:17:56","2024-10-02 11:23:42","0","Unity Enterprise camera channel","0"
"152","UNITY8-STD","AVIGILON","UNITY8-STD","UNITY","0","2024-10-02 10:17:56","2024-10-02 11:23:42","0","Unity Standard camera channel","0"
"153","UNITY8-STD-TO-ENT","AVIGILON","UNITY8-STD-TO-ENT","UNITY","0","2024-10-02 10:17:56","2024-10-02 11:23:52","0","Unity STD to ENT Edition UPG","0"
"154","VMA-AS3X-16P06-EU","AVIGILON","VMA-AS3X-16P06-EU","VIDEO APPLIANCE","0","2024-10-02 10:41:24","2024-10-02 11:24:25","0","HD Video Appliance 3X Pro 16-port 6TB, EU, Windows 10 IoT Enterprise v21H2 LTSC","https://www.hattelandtechnology.se/Media/Cache/Images/2/8/WEB_Image_VMA-AS3X-16P06-EU_HD_Video_Appliance_16-_vma-as3x_11397855070_plid_276518.png"
"155","VMA-AS3X-16P09-EU","AVIGILON","VMA-AS3X-16P09-EU","VIDEO APPLIANCE","0","2024-10-02 10:41:24","2024-10-02 11:24:25","0","HD Video Appliance 3X Pro 16-port 9TB, EU, Windows 10 IoT Enterprise v21H2 LTSC","https://www.hattelandtechnology.se/Media/Cache/Images/2/4/WEB_Image_VMA-AS3X-16P09-EU_HD_Video_Appliance_16-_vma-as3x_11182037596_plid_276524.png"
"156","VMA-AS3X-16P12-EU","AVIGILON","VMA-AS3X-16P12-EU","VIDEO APPLIANCE","0","2024-10-02 10:41:24","2024-10-02 11:24:25","0","HD Video Appliance 3X Pro 16-port 12TB, EU, Windows 10 IoT Enterprise v21H2 LTSC","https://www.hattelandtechnology.se/Media/Cache/Images/2/7/WEB_Image_VMA-AS3X-16P12-EU_HD_Video_Appliance_16-_vma-as3x_1-1003505519_plid_276527.png"
"157","VMA-AS3X-24P12-EU","AVIGILON","VMA-AS3X-24P12-EU","VIDEO APPLIANCE","0","2024-10-02 10:41:24","2024-10-02 11:24:25","0","HD Video Appliance 3X Pro 24-port 12TB, EU, Windows 10 IoT Enterprise v21H2 LTSC","https://www.hattelandtechnology.se/Media/Cache/Images/2/5/WEB_Image_VMA-AS3X-24P12-EU_HD_Video_Appliance_24-_vma-as3x_1-175618166_plid_276565.png"
"158","VMA-AS3X-24P18-EU","AVIGILON","VMA-AS3X-24P18-EU","VIDEO APPLIANCE","0","2024-10-02 10:41:24","2024-10-02 11:24:25","0","HD Video Appliance 3X Pro 24-port 18TB, EU, Windows 10 IoT Enterprise v21H2 LTSC","https://www.hattelandtechnology.se/Media/Cache/Images/2/7/WEB_Image_VMA-AS3X-24P18-EU_HD_Video_Appliance_24-_vma-as3x_1-1483602424_plid_276567.png"
"159","VMA-AS3X-24P24-EU","AVIGILON","VMA-AS3X-24P24-EU","VIDEO APPLIANCE","0","2024-10-02 10:41:24","2024-10-02 11:24:25","0","HD Video Appliance 3X Pro 24-port 24TB, EU, Windows 10 IoT Enterprise v21H2 LTSC","https://www.hattelandtechnology.se/Media/Cache/Images/2/9/WEB_Image_VMA-AS3X-24P24-EU_HD_Video_Appliance__24_vma-as3x_1-1991580603_plid_276569.png"
"160","VMA-AS3X-8P02-EU","AVIGILON","VMA-AS3X-8P02-EU","VIDEO APPLIANCE","0","2024-10-02 10:41:24","2024-10-02 11:24:25","0","HD Video Appliance 3X 8-port 2TB, EU, Windows 10 IoT Enterprise v21H2 LTSC","https://www.hattelandtechnology.se/Media/Cache/Images/2/9/WEB_Image_VMA-AS3X-24P24-EU_HD_Video_Appliance__24_vma-as3x_1-1991580603_plid_276569.png"
"161","VMA-AS3X-8P04-EU","AVIGILON","VMA-AS3X-8P04-EU","VIDEO APPLIANCE","0","2024-10-02 10:41:24","2024-10-02 11:24:25","0","HD Video Appliance 3X 8-port 4TB, EU, Windows 10 IoT Enterprise v21H2 LTSC","https://www.hattelandtechnology.se/Media/Cache/Images/2/9/WEB_Image_VMA-AS3X-24P24-EU_HD_Video_Appliance__24_vma-as3x_1-1991580603_plid_276569.png"
"162","Protection RJ45 GREY","FS","UTP 23-24AWG","Accessories","0","2024-10-02 11:41:39","2024-10-02 11:43:57","0","Manchons de Protection pour Connecteur Cat6 RJ45, Diamètre Extérieur de 6,0mm pour Câble Réseau Ethernet Cat6 UTP 23 ~ 24AWG, Gris, 50PCS/Paquet","https://resource.fs.com/mall/mainImg/2023051516030975rs5g.jpg"
"163","Protection RJ45 BLACK","FS","UTP 24AWG","Accessories","0","2024-10-02 11:43:57","2024-10-04 10:34:34","0","Manchons de Protection pour Connecteur Cat5e/Cat6 RJ45, Diamètre Extérieur de 5,5mm pour Câble Réseau Ethernet Cat5e UTP 24AWG, Cat5e & Cat6 F/UTP 26AWG, Noir, 50PCS/Paquet","https://resource.fs.com/mall/mainImg/20230515160309n9y6a9.jpg"
"164","Plateau d'Épissure Optique 12 Fibres","FS","CC-12F-FS","Accessories","0","2024-10-02 11:52:02","0","0","Plateau d'Épissure Optique, 12 Fibres, Plastique, 0,69 x 6,42 x 3,96","https://resource.fs.com/mall/products/550x550/28773.main.jpg"
"165","1m Jarretière Optique LC UPC","FS","SMLCDX","Accessories","0","2024-10-02 11:52:02","0","0","1m (3ft) Jarretière Optique LC UPC vers LC UPC Duplex OS2 Monomode PVC (OFNR) 2,0mm","https://resource.fs.com/mall/products/800x800/40191.main.jpg"
"166","2m Jarretière Optique LC UPC","FS","SMLCDX","Accessories","0","2024-10-02 11:52:02","0","0","2m (7ft) Jarretière Optique LC UPC vers LC UPC Duplex OS2 Monomode PVC (OFNR) 2,0mm","https://resource.fs.com/mall/products/800x800/40192.main.jpg"
"167","1m Pigtail à Fibre Optique à Code Couleur Sans Gaine","FS","FS12SM-LCU-CP-1M-PVC","Accessories","0","2024-10-02 11:54:46","0","0","1m (3ft) Pigtail à Fibre Optique à Code Couleur Sans Gaine LC UPC 12 Fibres OS2 Monomode PVC (OFNR) 0.9mm","https://resource.fs.com/mall/products/550x550/42459.main.jpg"
"168","0","15m Câble Réseau Ethernet Cat6a","FS","C6ASFTPSGPVC","Accessories","0","2024-10-02 11:57:04","0","0,6in (0,15m) Câble Réseau Ethernet Cat6a Snagless Blindé (SFTP) PVC CMX, Bleu","https://resource.fs.com/mall/products/550x550/66789.main.jpg"
"169","0","6m Câble Réseau Ethernet Cat6a","FS","C6ASFTPSGPVC","Accessories","0","2024-10-02 11:58:24","0","0,2ft (0,6m) Câble Réseau Ethernet Cat6a Snagless Blindé (SFTP) PVC CM, Bleu","https://resource.fs.com/mall/products/550x550/70664.main.jpg"
"170","Module SFP+ 10GBASE-LR 1310nm 10km DOM LC","FS","SFP-10GLR-31","Accessories","0","2024-10-02 12:02:34","0","0","Cisco SFP-10G-LR Compatible Module SFP+ 10GBASE-LR 1310nm 10km DOM LC Duplex","https://resource.fs.com/mall/mainImg/2024091110162799oyy7.jpg"
"171","0,5m Jarretière Optique LC UPC","FS","SMLCDX","Accessories","0","2024-10-02 12:04:27","0","0","0,5m (1,6ft) Jarretière Optique LC UPC vers LC UPC Duplex OS2 Monomode PVC (OFNR) 2,0mm","https://resource.fs.com/mall/products/800x800/88527.main.jpg"
